candidate_id,source_url,final_url,title,meta_description,evidence_text,status_code,content_type,error,scraped_at
CAND_0001,https://varshh-hub.github.io/VARSHA---portfolio,https://varshh-hub.github.io/VARSHA---portfolio/,VARSHA A | Data Science Portfolio,"Portfolio of Varsha A, an aspiring Data Scientist and Machine Learning enthusiast skilled in Python, SQL, Power BI, Data Analytics, Web Scraping, and Data Visualization.","VARSHA A | Data Science Portfolio
VARSHA A
☰
Home
About
Skills
Education
Projects
Certificates
Contact
DATA SCIENCE / MACHINE LEARNING / PYTHON DEVELOPMENT / WEB SCRAPING AND AUTOMATION / DATA ANALYTICS / PROMPT ENGINEERING / PROBLEM SOLVING
Turning
Data
into
Insights.
I am a
Aspiring Data Scientist
I am a passionate B.Sc. Artificial Intelligence and Machine Learning graduate with a strong interest in Data Science, Machine Learning, and Data Analytics. I enjoy solving real-world problems through data-driven solutions and continuously improving my skills by building projects and learning modern technologies.
View Projects
↗
Download Resume
Contact Me
✦ Data Science & Machine Learning
✦ Python & Data Analytics
✦ SQL & Database Management
✦ Power BI & Data Visualization
✦ Web Scraping & Automation
2026
Graduate
88.23
CGPA
05+
Projects
10+
Technical Skills
VARSHA A
2023 — 2026
AI & ML Graduate
Python + Data Science
Tiruppur, Tamil Nadu
Quick Profile
Python & SQL
Machine Learning
Data Analytics
Power BI & Excel
Web Scraping
Git & GitHub
Current Focus
Advanced Data Science
ABOUT ME
Transforming Data into
Meaningful Insights.
Hello! I'm Varsha A, a 2026 graduate in Artificial Intelligence
              and Machine Learning from KPR College of Arts Science and Research.
I enjoy transforming data into meaningful insights through Data Science, Machine Learning, and Data Analytics. I build practical, data-driven solutions, continuously enhance my technical skills, and enjoy solving real-world problems using modern technologies.
My primary strengths lie in Python, SQL, Excel, Power BI,
              and Python libraries including Pandas, NumPy, Matplotlib,
              and Seaborn.
I also have experience in web scraping using BeautifulSoup
              and Selenium, allowing me to collect and analyze data efficiently.
Beyond technical skills, I value continuous learning, effective communication, and teamwork. I enjoy taking on new challenges, building practical projects, and expanding my knowledge to create impactful, data-driven solutions.
01
Data Science and Machine learning
Experienced in data cleaning, exploratory data analysis, and
                transforming raw data into meaningful insights using Python. Built machine learning projects using Python and Scikit-learn,
                applying predictive models to solve real-world problems.
02
Web Scraping
Developed web scraping solutions using Selenium and BeautifulSoup
                to collect and process data from websites.
03
Quick Learner and Strong Communication
Adapt quickly to new technologies, enjoy continuous learning,
                and stay updated with modern data science tools. Strong communication, teamwork, and problem-solving skills with
                the ability to explain technical concepts clearly.
QUICK SNAPSHOT
A quick look at my
journey.
01
2026
Graduate
B.Sc. Artificial Intelligence and Machine Learning.
02
89.0
CGPA
Strong academic performance throughout graduation.
03
05+
Projects
Practical projects focused on data and automation.
04
10+
Technical Skills
Python, SQL, analytics, visualization and more.
TECHNICAL SKILLS
Tools I use to
work with data.
01
Programming
Python
SQL
HTML
CSS
JavaScript
02
Data Science
Excel
Power BI
Pandas
NumPy
Matplotlib
Seaborn
03
Web Scraping
BeautifulSoup
Selenium
04
Professional Strengths
Problem Solving
Analytical Thinking
Communication
Quick Learner
Team Collaboration
Adaptability
Critical Thinking
Time Management
EDUCATION
Academic background and
progression.
01
currently pursuing
Advanced Data Science Program - Entri Elevate
Advanced Data Science with Machine Learning , Deep Learning and Gen AI
Entri Elevate
COURSE COMPLETION IN PROGRESS
02
2023 - 2026
Bachelor of Science
Artificial Intelligence and Machine Learning
CGPA : 89.0
03
2023
Higher Secondary Certificate
Computer Science with mathematics
PERCENTAGE : 88.6%
CURRENTLY LEARNING
Advanced Data Science
Program.
Currently pursuing an Advanced Data Science Program through
              Entri Elevate, where I am strengthening my skills in Python,
              SQL, Data Analytics, Machine Learning, Data Visualization,
              and real-world project development.
ENTRI
ELEVATE
SELECTED WORK
Projects where I turn
data into solutions.
01
DATA ANALYTICS
Restaurant Review Analyzer
Analyzed restaurant datasets using Python to identify trends,
              customer ratings, cuisines, and city-wise insights through
              data visualization.
Restaurant dataset analysis
Customer rating insights
City-wise analysis
Data visualization
Python
Pandas
Matplotlib
Seaborn
02
AUTOMATION
Web Scraping Automation
Collected structured information from websites using
              BeautifulSoup and Selenium for data analysis and automation.
Automated data collection
Structured information extraction
Web data preparation
Python
BeautifulSoup
Selenium
03
DATA PREPROCESSING
Data Cleaning Pipeline
Performed data cleaning, preprocessing, handling missing
              values, and preparing datasets for further analysis.
Missing value handling
Data preprocessing
Dataset preparation
Python
Pandas
NumPy
04
COMING SOON
Future Data Science Project
A new data-driven project will be added here soon.
IN DEVELOPMENT
05
COMING SOON
Future ML Project
Exploring new machine learning ideas and practical
              applications.
COMING SOON
TECHNICAL TOOLBOX
Technologies I am
working with.
Python
SQL
Excel
Power BI
Pandas
NumPy
Matplotlib
Seaborn
HTML
CSS
JavaScript
BeautifulSoup
Selenium
Git
GitHub
VS Code
Google Colab
Jupyter Notebook
CERTIFICATIONS
Learning today,
building tomorrow.
Certificate details can be added here as you complete
            your professional learning journey.
01
02
03
04
05
06
07
08
09
10
11
12
13
14
15
16
17
18
19
20
21
22
23
24
25
26
27
28
CAREER OBJECTIVE
Building a career around
data.
I aspire to build a successful career in Data Science by applying
            analytical thinking, programming, and machine learning techniques
            to solve meaningful business problems. I am eager to work with
            innovative teams where I can continuously learn, contribute,
            and grow professionally.
WHY HIRE ME?
What I bring to a
team.
01
Analytical Mindset
I approach problems by studying data, identifying patterns,
              and developing logical solutions.
02
Data-Driven Problem Solving
I use Python, data analysis, and machine learning techniques
            to transform complex datasets into practical and meaningful solutions.
03
Data Science & ML
Passionate about building data-driven solutions using machine
            learning, statistical analysis, and predictive modeling.
04
Python Development
Proficient in Python for data analysis, automation, machine learning,
            and building practical solutions with libraries such as Pandas and NumPy.
05
Web Scraping & Automation
Build automated data collection workflows using Selenium and
            BeautifulSoup to extract, process, and organize information from websites.
06
Problem Solving
Strong analytical and problem-solving abilities with a practical
            approach to understanding challenges and developing effective solutions.
LET'S CONNECT
Have a data problem?
Let's explore it.
Tiruppur, Tamil Nadu, India
GitHub
LinkedIn
varshhhh6@gmail.com
+91 9842207373
VARSHA
.
Designed & Developed by Varsha A
© 2026 All Rights Reserved.",200,text/html; charset=utf-8,,2026-08-21T13:56:13.497915
